{"cameraMode":{"drawMode":0,"name":"Shaded","section":"Shading Mode"},"sceneLighting":false,"audioPlay":false,"sceneViewState":{"showFog":true,"showMaterialUpdate":false,"showSkybox":false,"showFlares":true,"showImageEffects":true,"showParticleSystems":true},"in2DMode":false,"pivot":{"x":0.14295411109924317,"y":-22.71515655517578,"z":95.82588958740235},"rotation":{"x":0.21225284039974214,"y":-0.015237735584378243,"z":0.003309025662019849,"w":0.9770904183387756},"size":83.73847961425781,"orthographic":false}