{"cameraMode":{"drawMode":0,"name":"Shaded","section":"Shading Mode"},"sceneLighting":true,"audioPlay":false,"sceneViewState":{"showFog":true,"showMaterialUpdate":false,"showSkybox":true,"showFlares":true,"showImageEffects":true,"showParticleSystems":true},"in2DMode":false,"pivot":{"x":25.611268997192384,"y":-8.207079887390137,"z":-7.965333938598633},"rotation":{"x":-0.08734910935163498,"y":-0.7966095209121704,"z":0.11868821829557419,"w":-0.5862563252449036},"size":47.229373931884769,"orthographic":false}